City_ID,City,Country,Date,Lat,Lng,Max Temp,Humidity,Cloudiness,Wind Speed
0,Semnan,IR,2022-04-24 23:16:25,35.5729,53.3971,71.47,26,99,8.08
1,Avarua,CK,2022-04-24 23:16:25,-21.2078,-159.775,80.65,83,40,11.5
2,Pisco,PE,2022-04-24 23:15:21,-13.7,-76.2167,69.85,73,0,16.11
3,Coolum Beach,AU,2022-04-24 23:16:26,-26.5333,153.1,72.1,86,84,16.04
4,Mar Del Plata,AR,2022-04-24 23:16:26,-38.0023,-57.5575,66.22,79,0,15.01
5,Marsh Harbour,BS,2022-04-24 23:16:26,26.5412,-77.0636,74.41,73,7,20.62
6,Susurluk,TR,2022-04-24 23:16:26,39.9136,28.1578,58.84,76,54,3.44
7,Ushuaia,AR,2022-04-24 23:15:59,-54.8,-68.3,38.86,70,0,5.75
8,Buraydah,SA,2022-04-24 23:16:27,26.326,43.975,71.46,54,100,17.81
9,Port Alfred,ZA,2022-04-24 23:16:27,-33.5906,26.891,57.18,85,98,4.0
10,Hobart,AU,2022-04-24 23:16:28,-42.8794,147.3294,55.26,89,75,1.99
11,Atuona,PF,2022-04-24 23:16:28,-9.8,-139.0333,79.39,74,15,17.69
12,Mataura,NZ,2022-04-24 23:16:28,-46.1927,168.8643,55.47,86,93,8.1
13,Rikitea,PF,2022-04-24 23:16:29,-23.1203,-134.9692,73.02,89,100,16.44
14,East London,ZA,2022-04-24 23:16:29,-33.0153,27.9116,62.15,71,88,13.09
15,Cape Town,ZA,2022-04-24 23:16:29,-33.9258,18.4232,58.12,80,75,10.36
16,Fortuna,US,2022-04-24 23:16:30,40.5982,-124.1573,61.93,74,0,11.5
17,Coihaique,CL,2022-04-24 23:16:30,-45.5752,-72.0662,39.15,87,100,5.75
18,Provideniya,RU,2022-04-24 23:14:52,64.3833,-173.3,35.71,60,0,4.47
19,Batticaloa,LK,2022-04-24 23:16:30,7.7102,81.6924,79.81,83,52,5.32
20,Nishihara,JP,2022-04-24 23:16:31,26.1842,127.7558,78.46,97,75,8.05
21,Maniitsoq,GL,2022-04-24 23:16:31,65.4167,-52.9,27.5,88,98,5.75
22,Gemena,CD,2022-04-24 23:16:31,3.25,19.7667,70.97,94,78,0.83
23,Yar,RU,2022-04-24 23:16:32,58.249,52.1026,37.15,100,100,2.33
24,Saint-Philippe,RE,2022-04-24 23:16:32,-21.3585,55.7679,74.79,79,90,14.03
25,Shanghai,CN,2022-04-24 23:16:32,31.2222,121.4581,64.92,86,75,6.71
26,Busselton,AU,2022-04-24 23:16:33,-33.65,115.3333,66.38,52,99,12.06
27,Chuy,UY,2022-04-24 23:16:33,-33.6971,-53.4616,63.55,63,3,11.72
28,Ponta Do Sol,PT,2022-04-24 23:16:33,32.6667,-17.1,65.01,86,95,7.99
29,New Norfolk,AU,2022-04-24 23:16:34,-42.7826,147.0587,54.91,87,85,2.26
30,Jamestown,US,2022-04-24 23:15:42,42.097,-79.2353,78.44,31,0,10.36
31,Port Hedland,AU,2022-04-24 23:16:34,-20.3167,118.5667,68.05,83,10,5.75
32,Narsaq,GL,2022-04-24 23:16:34,60.9167,-46.05,43.02,88,100,3.15
33,Iqaluit,CA,2022-04-24 23:16:35,63.7506,-68.5145,22.69,79,100,11.99
34,Saint George,US,2022-04-24 23:16:35,37.1041,-113.5841,72.63,13,0,7.0
35,Hermanus,ZA,2022-04-24 23:16:35,-34.4187,19.2345,58.91,75,82,4.88
36,Aswan,EG,2022-04-24 23:14:51,24.0934,32.907,79.07,12,6,9.46
37,Labuhan,ID,2022-04-24 23:16:36,-6.8844,112.2051,78.24,87,86,6.64
38,Kahului,US,2022-04-24 23:16:36,20.8947,-156.47,84.22,62,20,26.46
39,Channel-Port Aux Basques,CA,2022-04-24 23:16:37,47.5702,-59.1367,38.71,87,100,19.62
40,Butaritari,KI,2022-04-24 23:16:37,3.0707,172.7902,81.34,76,100,10.42
41,Mount Gambier,AU,2022-04-24 23:16:37,-37.8333,140.7667,56.19,64,100,4.12
42,Punta Arenas,CL,2022-04-24 23:17:38,-53.15,-70.9167,41.11,93,100,6.91
43,Thompson,CA,2022-04-24 23:17:38,55.7435,-97.8558,19.56,45,20,23.02
44,Tafo,GH,2022-04-24 23:17:38,6.7345,-1.6127,71.29,95,100,1.88
45,Chake Chake,TZ,2022-04-24 23:17:39,-5.2459,39.7666,77.22,89,96,3.8
46,Gat,IL,2022-04-24 23:13:01,31.61,34.7642,75.4,100,80,3.69
47,Moose Factory,CA,2022-04-24 23:17:39,51.2585,-80.6094,42.8,75,0,9.22
48,Saint-Pierre,RE,2022-04-24 23:17:40,-21.3393,55.4781,74.88,75,75,14.97
49,Chapais,CA,2022-04-24 23:17:40,49.7834,-74.8492,40.78,76,100,12.75
50,Korla,CN,2022-04-24 23:17:40,41.7597,86.1469,64.11,30,46,15.21
51,Taoudenni,ML,2022-04-24 23:17:41,22.6783,-3.9836,80.76,23,0,12.46
52,Geraldton,AU,2022-04-24 23:17:41,-28.7667,114.6,64.81,45,84,17.27
53,Albany,US,2022-04-24 23:17:41,42.6001,-73.9662,66.61,33,49,4.0
54,Sausar,IN,2022-04-24 23:17:42,21.65,78.7833,85.75,17,27,4.43
55,Barrow,US,2022-04-24 23:17:42,71.2906,-156.7887,15.82,79,0,10.36
56,Guerrero Negro,MX,2022-04-24 23:17:42,27.9769,-114.0611,73.08,41,0,15.77
57,Kapaa,US,2022-04-24 23:16:00,22.0752,-159.319,82.38,78,100,17.27
58,Necochea,AR,2022-04-24 23:15:53,-38.5473,-58.7368,68.16,49,72,14.09
59,Nastola,FI,2022-04-24 23:17:43,60.95,25.9333,34.84,90,52,6.71
60,Dunedin,NZ,2022-04-24 23:17:43,-45.8742,170.5036,59.61,64,77,15.77
61,Qaanaaq,GL,2022-04-24 23:17:44,77.484,-69.3632,3.36,71,82,5.64
62,San Cristobal,VE,2022-04-24 23:17:44,7.7669,-72.225,69.98,93,73,1.97
63,Castro,BR,2022-04-24 23:17:44,-24.7911,-50.0119,61.52,89,1,5.39
64,Upernavik,GL,2022-04-24 23:13:05,72.7868,-56.1549,4.42,91,17,8.57
65,Jiazi,CN,2022-04-24 23:17:45,22.8779,116.067,77.14,88,0,2.98
66,Torbay,CA,2022-04-24 23:17:45,47.6666,-52.7314,36.28,96,100,9.22
67,Kodiak,US,2022-04-24 23:17:45,57.79,-152.4072,51.31,54,20,13.8
68,Lompoc,US,2022-04-24 23:17:46,34.6391,-120.4579,82.02,65,0,21.0
69,Vardo,NO,2022-04-24 23:17:46,70.3705,31.1107,35.51,86,100,7.94
70,Faanui,PF,2022-04-24 23:17:47,-16.4833,-151.75,81.27,69,15,5.46
71,Pringsewu,ID,2022-04-24 23:17:47,-5.3582,104.9744,73.24,97,78,3.76
72,Belyy Yar,RU,2022-04-24 23:17:47,53.6039,91.3903,24.85,81,44,2.24
73,Bredasdorp,ZA,2022-04-24 23:17:48,-34.5322,20.0403,57.61,73,78,5.55
74,Severo-Kurilsk,RU,2022-04-24 23:17:48,50.6789,156.125,33.94,88,70,1.95
75,Dudinka,RU,2022-04-24 23:17:48,69.4058,86.1778,-15.34,100,100,3.96
76,Campbell River,CA,2022-04-24 23:15:22,50.0163,-125.2446,52.18,71,100,6.91
77,Hamilton,US,2022-04-24 23:15:45,39.1834,-84.5333,81.23,42,0,17.27
78,Bengkulu,ID,2022-04-24 23:17:49,-3.8004,102.2655,75.42,89,100,4.14
79,Jimo,CN,2022-04-24 23:17:49,36.3897,120.4622,56.98,100,100,15.66
80,Danielskuil,ZA,2022-04-24 23:17:50,-28.1887,23.5395,46.4,30,0,9.44
81,Juneau,US,2022-04-24 23:17:50,58.3019,-134.4197,49.84,79,100,5.75
82,Puro,PH,2022-04-24 23:17:50,12.4841,123.3827,80.08,84,100,7.99
83,Ozinki,RU,2022-04-24 23:17:51,51.1786,49.6769,53.55,69,100,7.02
84,Yellowknife,CA,2022-04-24 23:17:51,62.456,-114.3525,37.92,52,20,13.8
85,Xintai,CN,2022-04-24 23:17:51,35.9006,117.7519,66.36,76,100,3.27
86,Nazilli,TR,2022-04-24 23:17:52,37.9163,28.3223,62.2,54,6,0.2
87,Bilibino,RU,2022-04-24 23:17:52,68.0546,166.4372,17.91,81,82,3.85
88,Bluff,NZ,2022-04-24 23:17:52,-46.6,168.3333,55.8,80,91,29.64
89,Hilo,US,2022-04-24 23:17:52,19.7297,-155.09,82.27,73,75,9.22
90,Sibu,MY,2022-04-24 23:18:53,2.3,111.8167,73.71,100,40,6.91
91,Lorengau,PG,2022-04-24 23:18:53,-2.0226,147.2712,83.21,74,57,7.61
92,Brae,GB,2022-04-24 23:18:07,60.3964,-1.353,45.19,87,70,17.56
93,Bam,IR,2022-04-24 23:18:54,29.106,58.357,78.1,21,29,7.47
94,Babu,CN,2022-04-24 23:18:54,24.4167,111.5167,74.26,95,98,4.79
95,Bethel,US,2022-04-24 23:18:54,41.3712,-73.414,57.02,57,0,11.5
96,Souillac,MU,2022-04-24 23:18:55,-20.5167,57.5167,75.58,73,40,16.11
97,Honningsvag,NO,2022-04-24 23:18:55,70.9821,25.9704,35.35,69,100,12.66
98,Vaini,TO,2022-04-24 23:18:55,-21.2,-175.2,82.56,69,75,8.05
99,Berlevag,NO,2022-04-24 23:18:56,70.8578,29.0864,33.6,77,100,9.95
100,Atbasar,KZ,2022-04-24 23:18:56,51.8,68.3333,34.39,54,25,8.41
101,Isangel,VU,2022-04-24 23:18:56,-19.55,169.2667,77.59,71,99,17.96
102,Carnarvon,AU,2022-04-24 23:18:57,-24.8667,113.6333,64.47,94,40,5.75
103,Garowe,SO,2022-04-24 23:18:57,8.4054,48.4845,76.35,65,3,10.85
104,Vila Velha,BR,2022-04-24 23:18:57,-20.3297,-40.2925,78.75,83,40,10.36
105,Port Hardy,CA,2022-04-24 23:18:58,50.6996,-127.4199,46.58,93,100,18.41
106,Diffa,NE,2022-04-24 23:18:58,13.3154,12.6113,89.1,14,99,3.85
107,Etchoropo,MX,2022-04-24 23:18:58,26.7667,-109.6667,88.41,38,0,15.21
108,Piacenza,IT,2022-04-24 23:18:58,45.0468,9.6994,52.29,77,36,3.0
109,Kenora,CA,2022-04-24 23:18:30,49.8167,-94.4337,32.97,100,100,12.66
110,Morozovsk,RU,2022-04-24 23:18:59,48.3539,41.8261,51.91,87,59,8.48
111,Magadan,RU,2022-04-24 23:18:59,59.5667,150.8,34.54,69,65,6.35
112,Mugur-Aksy,RU,2022-04-24 23:19:00,50.35,90.5,14.41,66,1,2.64
113,Airai,TL,2022-04-24 23:19:00,-8.9266,125.4092,63.46,58,64,1.36
114,Sao Joao Da Barra,BR,2022-04-24 23:19:00,-21.6403,-41.0511,75.07,84,97,12.53
115,Krasnoselkup,RU,2022-04-24 23:19:01,65.7,82.4667,-6.14,100,92,2.91
116,Yulara,AU,2022-04-24 23:19:01,-25.2406,130.9889,60.6,83,5,6.42
117,Tuktoyaktuk,CA,2022-04-24 23:19:01,69.4541,-133.0374,26.6,80,0,6.91
118,Port Elizabeth,ZA,2022-04-24 23:15:27,-33.918,25.5701,57.31,70,96,8.01
119,Fukue,JP,2022-04-24 23:19:02,32.6881,128.8419,62.96,100,100,8.05
120,Singaraja,ID,2022-04-24 23:19:02,-8.112,115.0882,79.16,80,24,2.59
121,Georgetown,MY,2022-04-24 23:19:03,5.4112,100.3354,80.53,98,20,3.44
122,Naze,JP,2022-04-24 23:19:03,28.3667,129.4833,72.52,88,9,6.04
123,Baykit,RU,2022-04-24 23:19:03,61.67,96.37,29.82,94,99,3.71
124,Erdenet,MN,2022-04-24 23:19:03,49.0333,104.0833,23.14,82,100,14.23
125,Svetlogorsk,BY,2022-04-24 23:19:04,52.6333,29.7333,48.34,83,80,7.2
126,Ibra,OM,2022-04-24 23:19:04,22.6906,58.5334,77.32,39,2,1.59
127,Darhan,MN,2022-04-24 23:19:05,49.4867,105.9228,29.57,65,100,18.75
128,Namatanai,PG,2022-04-24 23:19:05,-3.6667,152.4333,83.77,64,72,3.47
129,Gengenbach,DE,2022-04-24 23:19:05,48.4,8.0167,50.56,92,100,1.34
130,Paka,MY,2022-04-24 23:19:06,4.6374,103.4368,76.93,100,20,0.0
131,Elmira,US,2022-04-24 23:19:06,42.0898,-76.8077,79.12,38,20,18.41
132,Bongandanga,CD,2022-04-24 23:19:06,1.5,21.05,73.94,83,71,2.93
133,Puerto Ayora,EC,2022-04-24 23:20:06,-0.7393,-90.3518,74.37,80,51,9.04
134,Ketchikan,US,2022-04-24 23:20:07,55.3422,-131.6461,46.38,93,100,13.8
135,Siuna,NI,2022-04-24 23:20:07,13.7332,-84.7773,77.94,89,21,2.15
136,Mahebourg,MU,2022-04-24 23:20:08,-20.4081,57.7,75.49,73,40,16.11
137,Pinehurst,US,2022-04-24 23:17:55,35.1954,-79.4695,80.31,46,0,11.5
138,Hualmay,PE,2022-04-24 23:20:08,-11.0964,-77.6139,68.77,83,19,10.07
139,Sola,VU,2022-04-24 23:15:24,-13.8833,167.55,80.98,71,99,3.83
140,Bandarbeyla,SO,2022-04-24 23:20:09,9.4942,50.8122,81.0,75,46,7.7
141,Flinders,AU,2022-04-24 23:20:09,-34.5833,150.8552,65.17,90,99,5.99
142,Green River,US,2022-04-24 23:20:09,41.5286,-109.4662,48.18,54,100,5.99
143,Olafsvik,IS,2022-04-24 23:20:10,64.8945,-23.7142,45.79,75,95,7.11
144,Bara,NG,2022-04-24 23:20:10,10.3744,10.7288,88.84,45,95,13.67
145,Caravelas,BR,2022-04-24 23:20:10,-17.7125,-39.2481,78.31,88,10,6.6
146,Nikolskoye,RU,2022-04-24 23:20:11,59.7035,30.7861,44.87,95,100,7.63
147,Victoria,HK,2022-04-24 23:16:03,22.2855,114.1577,81.32,86,12,8.01
148,Prince George,CA,2022-04-24 23:20:09,53.9166,-122.753,57.25,41,0,16.11
149,Port-Gentil,GA,2022-04-24 23:20:11,-0.7193,8.7815,76.96,94,20,4.61
150,Prachuap Khiri Khan,TH,2022-04-24 23:20:12,12.2167,99.75,81.68,84,15,2.95
151,Walvis Bay,NA,2022-04-24 23:20:12,-22.9575,14.5053,55.09,82,0,4.61
152,Mackay,AU,2022-04-24 23:19:36,-21.15,149.2,73.69,84,100,24.07
153,Miandrivazo,MG,2022-04-24 23:20:12,-19.5167,45.4667,75.79,82,100,3.96
154,Pakxan,LA,2022-04-24 23:20:13,18.3778,103.6601,77.41,76,8,2.82
155,Tiksi,RU,2022-04-24 23:20:13,71.6872,128.8694,2.46,98,99,1.79
156,Nuuk,GL,2022-04-24 23:20:13,64.1835,-51.7216,30.81,93,100,5.75
157,Tasiilaq,GL,2022-04-24 23:20:14,65.6145,-37.6368,32.16,67,48,3.65
158,Ajdabiya,LY,2022-04-24 23:20:14,30.7554,20.2263,66.42,47,42,9.66
159,Nelson Bay,AU,2022-04-24 23:20:14,-32.7167,152.15,64.99,96,46,3.91
160,Bathsheba,BB,2022-04-24 23:20:15,13.2167,-59.5167,79.41,78,40,16.11
161,Samarai,PG,2022-04-24 23:20:15,-10.6167,150.6667,83.68,73,100,14.14
162,Ahipara,NZ,2022-04-24 23:20:15,-35.1667,173.1667,65.35,72,96,11.95
163,San Andres,CO,2022-04-24 23:20:16,12.5847,-81.7006,78.82,89,75,9.22
164,Road Town,VG,2022-04-24 23:18:37,18.4167,-64.6167,78.89,69,40,8.05
165,Flagstaff,US,2022-04-24 23:16:13,35.1981,-111.6513,65.52,16,0,9.22
166,Yeniseysk,RU,2022-04-24 23:20:16,58.4497,92.1703,28.78,97,100,5.66
167,Marrakesh,MA,2022-04-24 23:20:16,31.6315,-8.0083,58.01,60,84,10.42
168,Kaitangata,NZ,2022-04-24 23:20:17,-46.2817,169.8464,55.63,78,94,15.59
169,Leeton,AU,2022-04-24 23:20:17,-34.5667,146.4,60.89,67,100,11.3
170,Sherlovaya Gora,RU,2022-04-24 23:20:17,50.5667,116.25,31.55,40,100,7.4
171,Camacha,PT,2022-04-24 23:20:18,33.0833,-16.3333,60.22,82,75,12.66
172,Norman Wells,CA,2022-04-24 23:20:18,65.282,-126.8329,48.24,46,20,14.97
173,Cherskiy,RU,2022-04-24 23:20:18,68.75,161.3,17.62,86,97,5.75
174,Hereford,GB,2022-04-24 23:19:14,52.0568,-2.7148,45.61,94,44,5.66
175,Lyuban,BY,2022-04-24 23:20:19,52.7985,28.0048,46.53,85,95,3.78
176,Pedasi,PA,2022-04-24 23:20:19,7.5333,-80.0333,79.07,76,50,11.18
177,Nome,US,2022-04-24 23:20:19,64.5011,-165.4064,39.27,87,100,5.75
178,Quatre Cocos,MU,2022-04-24 23:20:20,-20.2078,57.7625,75.31,69,100,16.64
179,Alofi,NU,2022-04-24 23:20:20,-19.0595,-169.9187,78.69,83,99,4.61
180,Lavrentiya,RU,2022-04-24 23:21:20,65.5833,-171.0,26.92,77,53,4.45
181,Hami,CN,2022-04-24 23:20:43,42.8,93.45,59.58,43,82,16.2
182,Pozo Colorado,PY,2022-04-24 23:21:21,-23.4923,-58.7972,88.27,45,5,13.47
183,Lixourion,GR,2022-04-24 23:21:21,38.2019,20.4314,60.21,72,59,3.69
184,Axim,GH,2022-04-24 23:21:22,4.8699,-2.2405,78.82,87,100,6.38
185,Constitucion,CL,2022-04-24 23:21:22,-35.3333,-72.4167,54.3,93,100,9.98
186,Waddan,LY,2022-04-24 23:21:22,29.1614,16.139,67.59,34,28,8.46
187,Hithadhoo,MV,2022-04-24 23:21:17,-0.6,73.0833,84.25,72,63,8.81
188,Saldanha,ZA,2022-04-24 23:19:50,-33.0117,17.9442,57.79,81,0,15.82
189,Progreso,MX,2022-04-24 23:18:18,21.2833,-89.6667,71.71,73,2,22.01
190,Staryy Nadym,RU,2022-04-24 23:21:23,65.6118,72.6842,2.73,99,64,1.21
191,Byron Bay,AU,2022-04-24 23:21:23,-28.65,153.6167,65.71,67,97,11.99
192,Kununurra,AU,2022-04-24 23:20:11,-15.7667,128.7333,80.58,57,85,4.61
193,Vyartsilya,RU,2022-04-24 23:21:24,62.1764,30.693,29.7,94,11,6.04
194,Saint-Augustin,CA,2022-04-24 23:21:24,51.226,-58.6502,37.33,93,100,18.21
195,Katsuura,JP,2022-04-24 23:21:24,35.1333,140.3,65.3,80,74,0.89
196,Kluang,MY,2022-04-24 23:21:24,2.0251,103.3328,74.88,97,100,1.63
197,Bitung,ID,2022-04-24 23:21:25,1.4451,125.1824,83.25,79,24,4.5
198,Bull Savanna,JM,2022-04-24 23:21:25,17.8868,-77.5902,76.15,76,99,10.85
199,Tura,IN,2022-04-24 23:21:25,25.5198,90.2201,72.36,96,53,6.2
200,Paamiut,GL,2022-04-24 23:21:26,61.994,-49.6678,31.08,93,100,10.98
201,Sambava,MG,2022-04-24 23:21:26,-14.2667,50.1667,74.91,86,73,8.55
202,Porto Nacional,BR,2022-04-24 23:21:26,-10.7081,-48.4172,78.8,90,96,2.21
203,Loule,PT,2022-04-24 23:21:27,37.1377,-8.0197,56.91,82,0,5.75
204,Ixtapa,MX,2022-04-24 23:18:56,20.7,-105.2,78.03,69,0,10.36
205,Sechura,PE,2022-04-24 23:21:27,-5.5569,-80.8222,74.86,65,53,18.79
206,Ribeira Grande,PT,2022-04-24 23:21:27,38.5167,-28.7,58.93,75,15,15.55
207,Pecos,US,2022-04-24 23:21:28,31.4229,-103.4932,86.83,8,0,0.0
208,Oak Ridge,US,2022-04-24 23:21:28,36.0104,-84.2696,80.13,50,39,3.0
209,Vanavara,RU,2022-04-24 23:21:28,60.34,102.2797,23.56,87,77,3.06
210,Arraial Do Cabo,BR,2022-04-24 23:18:28,-22.9661,-42.0278,75.54,77,48,12.37
211,Nanakuli,US,2022-04-24 23:21:29,21.3906,-158.1547,84.15,57,75,13.8
212,Ongandjera,NA,2022-04-24 23:21:29,-17.8833,15.0667,72.14,34,3,3.98
213,Micheweni,TZ,2022-04-24 23:21:29,-4.9667,39.8333,78.69,85,92,5.1
214,Tahta,EG,2022-04-24 23:21:30,26.7693,31.5021,75.27,22,0,8.37
215,Santa Barbara,US,2022-04-24 23:21:30,34.7333,-120.0343,75.34,36,0,16.11
216,Lebu,CL,2022-04-24 23:21:30,-37.6167,-73.65,52.0,77,69,9.1
217,Klaksvik,FO,2022-04-24 23:21:31,62.2266,-6.589,40.12,83,100,16.33
218,Nouadhibou,MR,2022-04-24 23:21:31,20.931,-17.0347,66.18,77,0,10.36
219,San Pedro De Cartago,CO,2022-04-24 23:21:31,1.5525,-77.12,63.09,93,96,1.68
220,Half Moon Bay,US,2022-04-24 23:16:38,37.4636,-122.4286,78.89,70,0,21.85
221,Hambantota,LK,2022-04-24 23:21:32,6.1241,81.1185,80.31,80,89,1.61
222,Sakakah,SA,2022-04-24 23:21:32,29.9697,40.2064,67.57,62,88,22.03
223,Longyearbyen,SJ,2022-04-24 23:21:32,78.2186,15.6401,6.64,66,75,11.5
224,Kaeo,NZ,2022-04-24 23:21:33,-35.1,173.7833,68.32,75,86,7.92
225,Miramar,US,2022-04-24 23:17:39,25.9873,-80.2323,80.62,71,100,18.41
226,Najran,SA,2022-04-24 23:22:33,17.4924,44.1277,77.65,47,55,10.65
227,Cabo San Lucas,MX,2022-04-24 23:22:33,22.8909,-109.9124,81.61,60,0,5.75
228,Valparaiso,CL,2022-04-24 23:22:12,-33.0393,-71.6273,59.47,84,100,13.8
229,Sao Geraldo Do Araguaia,BR,2022-04-24 23:22:34,-6.4006,-48.555,74.82,94,78,1.97
230,Ambon,ID,2022-04-24 23:22:34,-3.6954,128.1814,89.74,66,20,3.44
231,Chokurdakh,RU,2022-04-24 23:22:34,70.6333,147.9167,4.14,93,77,2.89
232,Pangnirtung,CA,2022-04-24 23:22:35,66.1451,-65.7125,24.03,85,100,3.56
233,Saskylakh,RU,2022-04-24 23:22:35,71.9167,114.0833,0.7,100,96,1.5
234,Glendive,US,2022-04-24 23:22:35,47.1053,-104.7125,47.82,46,0,17.27
235,Port Lincoln,AU,2022-04-24 23:22:36,-34.7333,135.8667,64.92,79,100,11.92
236,Bumba,CD,2022-04-24 23:22:36,2.1833,22.4667,71.69,94,87,2.89
237,Charlestown,AU,2022-04-24 23:22:36,-32.95,151.6667,63.68,94,37,5.01
238,Gotsu,JP,2022-04-24 23:22:37,35.0,132.2167,67.51,74,37,2.39
239,Salalah,OM,2022-04-24 23:22:37,17.0151,54.0924,79.61,78,45,5.12
240,Cananeia,BR,2022-04-24 23:22:37,-25.0147,-47.9267,69.85,88,24,5.44
241,Ikalamavony,MG,2022-04-24 23:22:38,-21.15,46.5833,65.3,82,96,6.93
242,Kruisfontein,ZA,2022-04-24 23:22:38,-34.0033,24.7314,54.88,72,99,3.58
243,Tezu,IN,2022-04-24 23:22:38,27.9167,96.1667,67.46,80,68,4.07
244,La Encarnacion,HN,2022-04-24 23:22:39,14.6667,-89.0833,74.46,87,88,2.89
245,Syumsi,RU,2022-04-24 23:22:39,57.1111,51.6149,39.74,93,99,0.83
246,Wattegama,LK,2022-04-24 23:22:39,6.7989,81.4808,74.61,95,46,2.44
247,San Jose,US,2022-04-24 23:21:41,37.3394,-121.895,80.89,38,20,14.97
248,Aasiaat,GL,2022-04-24 23:22:40,68.7098,-52.8699,24.98,91,100,5.14
249,Alta Floresta,BR,2022-04-24 23:22:40,-9.8756,-56.0861,76.73,85,99,3.76
250,Khani,GE,2022-04-24 23:22:40,41.9563,42.9566,38.77,69,7,4.92
251,Bitam,GA,2022-04-24 23:22:41,2.076,11.5007,69.8,99,100,2.46
252,Makokou,GA,2022-04-24 23:22:41,0.5738,12.8642,69.87,97,99,2.35
253,Maues,BR,2022-04-24 23:22:41,-3.3836,-57.7186,75.43,95,31,3.02
254,Labuan,MY,2022-04-24 23:22:42,5.2767,115.2417,77.36,94,40,0.0
255,Krsko,SI,2022-04-24 23:22:42,45.9591,15.4917,51.49,92,86,2.3
256,Port-Cartier,CA,2022-04-24 23:21:21,50.0334,-66.8654,40.68,89,72,2.08
257,Lagoa,PT,2022-04-24 23:22:42,39.05,-27.9833,57.81,74,2,19.08
258,Rawson,AR,2022-04-24 23:22:43,-43.3002,-65.1023,56.82,42,70,31.54
259,Santa Cruz,BO,2022-04-24 23:18:29,-17.8,-63.1667,80.65,78,40,16.11
260,Hasaki,JP,2022-04-24 23:22:43,35.7333,140.8333,63.28,78,62,2.73
261,Kindu,CD,2022-04-24 23:22:43,-2.95,25.95,69.01,99,100,2.26
262,Qandala,SO,2022-04-24 23:22:44,11.472,49.8728,82.67,68,47,7.09
263,Meulaboh,ID,2022-04-24 23:22:44,4.1363,96.1285,77.47,89,60,3.67
264,Mecca,SA,2022-04-24 23:20:35,21.4267,39.8261,81.43,56,0,2.62
265,Tukrah,LY,2022-04-24 23:22:45,32.5341,20.5791,60.04,78,63,11.61
266,Barabai,ID,2022-04-24 23:22:45,-2.5833,115.3833,75.67,94,86,1.25
267,Mirwah,YE,2022-04-24 23:22:45,13.9228,43.9176,72.16,52,47,6.13
268,San Francisco,US,2022-04-24 23:21:43,37.7749,-122.4194,82.51,64,20,21.99
269,Vaitape,PF,2022-04-24 23:23:21,-16.5167,-151.75,81.28,69,15,5.57
270,Khatanga,RU,2022-04-24 23:23:46,71.9667,102.5,-5.42,100,100,5.14
271,Mayor Pablo Lagerenza,PY,2022-04-24 23:23:46,-19.9309,-60.7718,89.8,41,37,13.8
272,Saint-Raymond,CA,2022-04-24 23:23:47,45.467,-73.6095,55.74,41,75,14.97
273,Basoko,CD,2022-04-24 23:23:47,1.2391,23.616,71.82,97,100,3.62
274,Rio Grande,BR,2022-04-24 23:23:47,-32.035,-52.0986,63.95,74,1,16.33
275,Awjilah,LY,2022-04-24 23:22:54,29.1081,21.2869,70.38,42,22,10.11
276,Buin,CL,2022-04-24 23:23:48,-33.7333,-70.75,65.73,82,92,3.98
277,Esperance,AU,2022-04-24 23:22:49,-33.8667,121.9,55.24,88,31,10.0
278,Shellbrook,CA,2022-04-24 23:23:48,53.2168,-106.4011,47.43,60,97,7.38
279,Vesoul,FR,2022-04-24 23:23:48,47.5833,5.8333,51.08,97,95,4.32
280,Cerrito,CO,2022-04-24 23:21:57,6.8432,-72.694,55.9,94,99,2.44
281,Sioux Lookout,CA,2022-04-24 23:23:49,50.1001,-91.917,37.47,93,100,8.05
282,Hofn,IS,2022-04-24 23:23:49,64.2539,-15.2082,42.01,91,98,5.41
283,Praia Da Vitoria,PT,2022-04-24 23:23:49,38.7333,-27.0667,59.25,77,20,18.3
284,Harper,LR,2022-04-24 23:23:50,4.375,-7.7169,80.82,86,100,6.73
285,Faya,SA,2022-04-24 23:23:39,18.3851,42.4509,62.71,47,98,1.48
286,Svitavy,CZ,2022-04-24 23:23:50,49.7559,16.4683,46.22,59,56,6.58
287,Shingu,JP,2022-04-24 23:23:50,33.7333,135.9833,66.92,87,85,0.85
288,Excelsior Springs,US,2022-04-24 23:23:51,39.3392,-94.2261,67.82,32,0,9.22
289,Santa Rosa,PH,2022-04-24 23:23:00,14.3122,121.1114,84.18,77,61,8.55
290,Uruzgan,AF,2022-04-24 23:23:51,32.8333,66.0,55.0,63,2,7.87
291,Luderitz,NA,2022-04-24 23:23:52,-26.6481,15.1594,55.54,64,0,18.66
292,Manggar,ID,2022-04-24 23:23:52,-2.8833,108.2667,81.27,82,85,7.18
293,Kabarnet,KE,2022-04-24 23:23:52,0.4919,35.743,57.31,92,100,1.9
294,Mount Isa,AU,2022-04-24 23:23:53,-20.7333,139.5,67.77,100,100,8.05
295,Kanigoro,ID,2022-04-24 23:23:53,-8.13,112.219,73.27,94,97,2.59
296,Kabalo,CD,2022-04-24 23:23:53,-6.05,26.9167,68.85,94,99,1.99
297,Dikson,RU,2022-04-24 23:23:54,73.5069,80.5464,6.76,94,96,13.98
298,Codrington,AU,2022-04-24 23:23:54,-38.2667,141.9667,55.27,72,89,6.58
299,Erenhot,CN,2022-04-24 23:23:39,43.6475,111.9767,61.18,20,52,22.26
300,Russell,US,2022-04-24 23:23:54,32.3502,-85.1999,81.68,57,0,5.75
301,Tazovskiy,RU,2022-04-24 23:23:55,67.4667,78.7,-9.56,100,86,4.85
302,Melfi,IT,2022-04-24 23:23:55,40.9965,15.6514,42.26,86,0,5.64
303,Leningradskiy,RU,2022-04-24 23:23:19,69.3833,178.4167,20.7,89,88,1.5
304,Bogoslovka,RU,2022-04-24 23:23:55,53.2084,44.8013,51.03,81,100,4.18
305,Barreirinhas,BR,2022-04-24 23:23:56,-2.7469,-42.8264,75.51,91,37,4.25
306,Padang,ID,2022-04-24 23:23:56,-0.9492,100.3543,77.05,86,100,4.23
307,Kargopol,RU,2022-04-24 23:23:56,61.5071,38.9456,28.33,98,59,4.56
308,Foso,GH,2022-04-24 23:23:57,5.7012,-1.2866,74.97,95,100,2.91
309,Zhongshan,CN,2022-04-24 23:23:57,21.3226,110.5829,77.61,93,22,15.9
310,San Patricio,US,2022-04-24 23:23:57,28.017,-97.5169,84.29,66,22,19.73
311,Sile,TR,2022-04-24 23:23:58,41.1754,29.6133,61.47,68,99,5.48
312,Straumen,NO,2022-04-24 23:23:58,63.8709,11.2999,37.4,85,92,5.14
313,Bilma,NE,2022-04-24 23:23:58,18.6853,12.9164,90.54,11,1,6.89
314,Eureka,US,2022-04-24 23:24:59,40.8021,-124.1637,69.67,72,2,5.01
315,Dalvik,IS,2022-04-24 23:24:59,65.9702,-18.5286,44.53,84,98,2.55
316,Le Port,RE,2022-04-24 23:24:59,-20.9373,55.2919,75.2,73,81,5.35
317,Chepareria,KE,2022-04-24 23:20:14,1.3077,35.2039,61.95,94,100,1.74
318,Aquiraz,BR,2022-04-24 23:25:00,-3.9014,-38.3911,80.69,85,100,9.06
319,Haines Junction,CA,2022-04-24 23:21:53,60.7522,-137.5108,49.95,43,92,8.05
320,Bereda,ES,2022-04-24 23:25:00,43.2686,-7.5406,48.58,100,89,1.28
321,Los Llanos De Aridane,ES,2022-04-24 23:21:48,28.6585,-17.9182,62.35,77,20,3.44
322,Guilin,CN,2022-04-24 23:24:26,25.2819,110.2864,69.91,98,100,1.32
323,Boulder City,US,2022-04-24 23:25:01,35.9786,-114.8325,77.77,9,0,12.66
324,Husavik,IS,2022-04-24 23:25:01,66.0449,-17.3389,42.55,84,100,0.72
325,Kifri,IQ,2022-04-24 23:25:01,34.6959,44.9661,63.81,65,65,4.63
326,Poronaysk,RU,2022-04-24 23:25:02,49.2167,143.1167,36.91,67,26,15.35
327,Te Anau,NZ,2022-04-24 23:25:02,-45.4167,167.7167,55.53,71,31,1.77
328,Washington,US,2022-04-24 23:20:43,47.5001,-120.5015,67.89,35,76,3.06
329,Leh,IN,2022-04-24 23:25:03,34.1667,77.5833,36.59,42,51,2.91
330,Ullapool,GB,2022-04-24 23:25:03,57.8987,-5.1604,46.35,76,30,5.88
331,Palencia,ES,2022-04-24 23:25:03,42.4167,-4.5,47.91,71,96,1.88
332,Smithers,CA,2022-04-24 23:25:04,54.7804,-127.1743,52.12,54,100,2.3
333,Kieta,PG,2022-04-24 23:25:04,-6.2167,155.6333,83.55,73,54,3.91
334,Port Blair,IN,2022-04-24 23:25:04,11.6667,92.75,78.84,89,20,2.3
335,Cochrane,CA,2022-04-24 23:25:05,51.1834,-114.4687,60.62,29,0,9.22
336,Merauke,ID,2022-04-24 23:22:50,-8.4667,140.3333,79.72,82,99,8.57
337,De-Kastri,RU,2022-04-24 23:25:05,51.4667,140.7833,30.38,87,91,10.74
338,Balabac,PH,2022-04-24 23:24:08,7.9868,117.0645,82.2,80,33,6.22
339,Praya,CV,2022-04-24 23:25:06,14.9215,-23.5087,75.74,50,0,12.66
340,Ancud,CL,2022-04-24 23:24:07,-41.8697,-73.8203,45.23,77,75,21.79
341,San Clemente,US,2022-04-24 23:20:55,33.427,-117.612,90.1,43,0,4.0
342,San Quintin,MX,2022-04-24 23:25:06,30.4833,-115.95,71.28,43,0,12.86
343,Lasa,IT,2022-04-24 23:25:07,46.6166,10.7002,45.48,93,81,3.6
344,Laguna,US,2022-04-24 23:25:07,38.421,-121.4238,83.28,20,0,5.75
345,Ulaangom,MN,2022-04-24 23:25:07,49.9811,92.0667,28.51,40,0,4.32
346,Buchanan,LR,2022-04-24 23:25:08,5.8808,-10.0467,74.12,90,95,8.1
347,Kupang,ID,2022-04-24 23:25:08,-10.1667,123.5833,77.7,75,88,3.2
348,Rudnichnyy,RU,2022-04-24 23:25:08,59.617,52.4703,34.93,97,97,4.47
349,Talnakh,RU,2022-04-24 23:25:09,69.4865,88.3972,-5.49,99,91,4.38
350,Inhambane,MZ,2022-04-24 23:25:09,-23.865,35.3833,74.1,88,0,5.12
351,Sorong,ID,2022-04-24 23:25:09,-0.8833,131.25,80.04,84,72,3.31
352,El Alto,PE,2022-04-24 23:25:10,-4.2714,-81.2147,69.46,79,40,15.48
353,Angouleme,FR,2022-04-24 23:25:10,45.65,0.15,52.75,93,100,6.91
354,Clyde River,CA,2022-04-24 23:25:10,70.4692,-68.5914,8.83,85,100,3.44
355,Touho,NC,2022-04-24 23:25:11,-20.7833,165.2333,75.92,74,99,13.65
356,Deputatskiy,RU,2022-04-24 23:25:11,69.3,139.9,8.74,93,100,3.02
357,Poum,NC,2022-04-24 23:25:11,-20.2333,164.0167,76.68,73,93,12.5
358,Muyezerskiy,RU,2022-04-24 23:25:11,63.9333,31.65,24.94,97,14,2.48
359,Cidreira,BR,2022-04-24 23:24:29,-30.1811,-50.2056,69.04,84,1,19.84
360,Giyon,ET,2022-04-24 23:25:12,8.5333,37.9833,59.38,82,99,2.37
361,Adrar,MR,2022-04-24 23:26:12,20.5022,-10.0711,75.45,30,0,11.18
362,Matay,EG,2022-04-24 23:26:13,28.419,30.7792,70.66,26,0,12.35
363,Lohja,FI,2022-04-24 23:26:13,60.2486,24.0653,41.45,74,89,7.31
364,Bartica,GY,2022-04-24 23:26:13,6.4,-58.6167,79.12,95,96,3.06
365,Longford,IE,2022-04-24 23:26:14,53.7333,-7.8,41.34,87,62,7.09
366,North Bend,US,2022-04-24 23:22:48,43.4065,-124.2243,67.24,79,0,11.5
367,Takoradi,GH,2022-04-24 23:26:14,4.8845,-1.7554,80.13,85,100,4.34
368,Bridgewater,CA,2022-04-24 23:25:36,44.3835,-64.5155,42.42,62,23,24.16
369,Pedernales,DO,2022-04-24 23:26:14,18.0384,-71.744,80.26,69,80,6.58
370,Miyako,JP,2022-04-24 23:23:35,39.6367,141.9525,60.69,67,60,1.41
371,Placerville,US,2022-04-24 23:26:15,38.7296,-120.7986,75.76,30,0,5.75
372,Manaus,BR,2022-04-24 23:23:05,-3.1019,-60.025,82.89,83,40,2.3
373,Kawalu,ID,2022-04-24 23:26:15,-7.3817,108.2082,72.9,98,98,1.12
374,Anadyr,RU,2022-04-24 23:26:16,64.75,177.4833,28.9,69,0,4.47
375,Mont-Dore,NC,2022-04-24 23:26:16,-22.2833,166.5833,75.99,99,100,14.45
376,Codajas,BR,2022-04-24 23:26:16,-3.8367,-62.0569,76.51,94,61,2.37
377,Dingle,PH,2022-04-24 23:22:55,10.9995,122.6711,79.59,86,87,7.47
378,Sape,BR,2022-04-24 23:26:17,-7.0964,-35.2328,76.37,93,58,6.29
379,Bambous Virieux,MU,2022-04-24 23:26:17,-20.3428,57.7575,75.45,73,40,16.11
380,Abnub,EG,2022-04-24 23:26:17,27.2696,31.1511,73.71,23,0,7.49
381,Morros,BR,2022-04-24 23:26:18,-9.4467,-46.3003,74.7,74,100,1.61
382,Yakima,US,2022-04-24 23:21:21,46.4665,-120.6678,69.85,33,0,6.91
383,Helmsdale,GB,2022-04-24 23:26:18,58.1168,-3.6517,46.35,74,100,4.88
384,Bouca,CF,2022-04-24 23:26:18,6.5105,18.2733,71.08,90,100,4.9
385,Znamenskoye,RU,2022-04-24 23:26:19,57.1281,73.8282,29.26,75,55,4.52
386,Kandrian,PG,2022-04-24 23:26:19,-6.2167,149.55,81.12,71,100,2.3
387,Kavieng,PG,2022-04-24 23:23:32,-2.5744,150.7967,83.75,71,100,7.61
388,Keetmanshoop,NA,2022-04-24 23:26:19,-26.5833,18.1333,51.04,24,0,4.61
389,Cayenne,GF,2022-04-24 23:26:20,4.9333,-52.3333,81.09,1,20,4.61
390,Coari,BR,2022-04-24 23:26:20,-4.085,-63.1414,76.39,93,94,2.39
391,Egvekinot,RU,2022-04-24 23:26:20,66.3167,-179.1667,21.29,81,17,4.21
392,Livramento,BR,2022-04-24 23:26:21,-3.0254,-60.1803,83.07,89,0,2.3
393,Fengrun,CN,2022-04-24 23:26:21,39.8333,118.1167,59.45,70,100,5.64
394,Zhigansk,RU,2022-04-24 23:26:21,66.7697,123.3711,10.63,95,82,6.8
395,Shache,CN,2022-04-24 23:26:22,38.4167,77.2406,67.91,24,37,16.55
396,Mandalgovi,MN,2022-04-24 23:26:22,45.7625,106.2708,33.62,58,84,26.66
397,Riyadh,SA,2022-04-24 23:25:19,24.6877,46.7219,73.54,45,95,13.27
398,Olinda,BR,2022-04-24 23:26:22,-8.0089,-34.8553,82.13,74,40,8.05
399,Yingcheng,CN,2022-04-24 23:26:23,30.95,113.55,68.4,92,100,11.32
400,Laplace,US,2022-04-24 23:26:23,30.0666,-90.4801,82.38,72,40,13.8
401,Malumfashi,NG,2022-04-24 23:26:23,11.7853,7.6218,83.12,42,100,8.84
402,Longkou,CN,2022-04-24 23:26:24,37.6508,120.3286,60.51,80,100,13.44
403,San Juan,AR,2022-04-24 23:26:24,-31.5375,-68.5364,82.2,10,0,26.57
404,Maltahohe,NA,2022-04-24 23:26:24,-24.8333,16.9833,52.3,17,0,11.99
405,Muros,ES,2022-04-24 23:26:25,42.7762,-9.0603,52.84,93,98,5.86
406,Barghat,IN,2022-04-24 23:26:25,22.0333,79.7167,82.98,17,12,3.22
407,Turka,UA,2022-04-24 23:26:25,49.1541,23.0297,47.14,93,96,9.04
408,Coquimbo,CL,2022-04-24 23:23:16,-29.9533,-71.3436,56.93,94,100,5.75
409,Toora-Khem,RU,2022-04-24 23:27:26,52.4675,96.11,15.46,80,20,2.77
410,Richards Bay,ZA,2022-04-24 23:27:26,-28.783,32.0377,69.12,90,100,7.78
411,Mega,ET,2022-04-24 23:27:26,4.05,38.3,60.49,85,89,4.47
412,Kurmanayevka,RU,2022-04-24 23:27:27,52.5093,52.0675,52.95,68,100,6.08
413,Henties Bay,NA,2022-04-24 23:27:27,-22.116,14.2845,59.07,82,0,11.3
414,Shizunai,JP,2022-04-24 23:27:27,42.3339,142.3669,50.59,66,83,11.43
415,Nunoa,PE,2022-04-24 23:27:28,-14.48,-70.6411,47.84,55,75,3.74
416,Suntar,RU,2022-04-24 23:27:28,62.1444,117.6319,27.95,88,100,2.37
417,Rocha,UY,2022-04-24 23:27:28,-34.4833,-54.3333,65.14,44,1,11.81
418,Coos Bay,US,2022-04-24 23:22:46,43.3665,-124.2179,67.32,79,0,11.5
419,Catamarca,AR,2022-04-24 23:27:29,-28.4696,-65.7852,71.58,67,0,10.98
420,Asfi,MA,2022-04-24 23:27:29,32.2994,-9.2372,60.33,75,0,12.59
421,Romny,UA,2022-04-24 23:27:29,50.751,33.4747,46.83,75,0,5.75
422,Wladyslawowo,PL,2022-04-24 23:27:30,54.7909,18.4009,44.94,94,89,13.11
423,Pampa,US,2022-04-24 23:27:30,35.5362,-100.9599,70.57,26,0,14.97
424,Gaziantep,TR,2022-04-24 23:27:30,37.0594,37.3825,57.13,44,0,2.3
425,Kavaratti,IN,2022-04-24 23:24:56,10.5669,72.642,83.43,75,32,3.4
426,Asau,RO,2022-04-24 23:27:31,46.4333,26.4,54.52,94,93,5.17
427,Amga,RU,2022-04-24 23:27:31,60.8953,131.9608,29.71,83,100,2.42
428,Jawhar,SO,2022-04-24 23:27:31,2.7809,45.5005,79.47,76,35,5.06
429,Honiara,SB,2022-04-24 23:27:32,-9.4333,159.95,84.92,67,77,4.09
430,Tabou,CI,2022-04-24 23:27:32,4.423,-7.3528,80.69,87,100,7.83
431,Labytnangi,RU,2022-04-24 23:27:32,66.6572,66.4183,0.7,85,39,3.42
432,Bani,DO,2022-04-24 23:27:33,18.2833,-70.3333,80.04,70,69,11.95
433,Bolong,PH,2022-04-24 23:27:33,7.0983,122.2392,80.6,79,87,1.7
434,Ostrovnoy,RU,2022-04-24 23:27:33,68.0531,39.5131,34.02,96,100,12.41
435,Aguimes,ES,2022-04-24 23:27:34,27.9054,-15.4461,60.66,67,20,4.61
436,Qaqortoq,GL,2022-04-24 23:27:34,60.7167,-46.0333,36.63,90,100,4.21
437,Cap Malheureux,MU,2022-04-24 23:27:34,-19.9842,57.6142,75.47,73,100,8.99
438,Atar,MR,2022-04-24 23:27:35,20.5169,-13.0499,79.86,28,1,8.21
439,Mahajanga,MG,2022-04-24 23:27:35,-15.7167,46.3167,73.42,83,20,6.91
440,College,US,2022-04-24 23:27:35,64.8569,-147.8028,52.12,43,75,3.44
441,Mahibadhoo,MV,2022-04-24 23:27:36,3.7833,72.9667,83.91,71,58,7.56
442,Mabua,PH,2022-04-24 23:27:36,9.8089,125.4422,81.48,81,74,8.12
443,Comodoro Rivadavia,AR,2022-04-24 23:25:00,-45.8667,-67.5,51.66,54,40,20.71
444,Iquitos,PE,2022-04-24 23:24:56,-3.7481,-73.2472,78.84,94,75,2.3
445,Cartagena Del Chaira,CO,2022-04-24 23:27:36,1.3349,-74.8429,73.56,95,91,3.29
446,Kashi,CN,2022-04-24 23:27:37,39.4547,75.9797,67.21,14,20,17.9
447,Bowen,AU,2022-04-24 23:27:37,-20.0167,148.2333,77.14,84,100,22.26
448,Marawi,PH,2022-04-24 23:27:37,7.9986,124.2928,72.12,88,81,1.28
449,Waidhofen,DE,2022-04-24 23:27:38,48.5833,11.3333,47.79,98,100,9.44
450,Impfondo,CG,2022-04-24 23:25:26,1.6381,18.0667,72.77,89,88,1.48
451,Grafton,US,2022-04-24 23:27:38,42.207,-71.6856,52.83,41,20,5.75
452,Pandan,PH,2022-04-24 23:27:38,14.0453,124.1694,81.34,87,95,11.07
453,Yangambi,CD,2022-04-24 23:27:39,0.8102,24.4336,68.79,97,100,1.39
454,Boone,US,2022-04-24 23:27:39,39.0334,-92.3335,66.45,72,89,8.1
455,Kiunga,PG,2022-04-24 23:23:13,-6.1219,141.2906,76.96,93,99,0.09
456,Teya,RU,2022-04-24 23:28:39,60.3778,92.6267,23.65,96,99,4.23
457,Namibe,AO,2022-04-24 23:24:40,-15.1961,12.1522,71.56,75,18,3.83
458,Mangai,CD,2022-04-24 23:28:40,-4.05,19.5333,70.57,93,61,1.34
459,Skibbereen,IE,2022-04-24 23:28:34,51.55,-9.2667,54.1,81,64,12.73
460,Hovd,MN,2022-04-24 23:28:40,48.0056,91.6419,24.37,44,13,1.63
461,Tigil,RU,2022-04-24 23:28:41,57.8,158.6667,33.13,98,98,1.63
462,Puerto Escondido,MX,2022-04-24 23:28:41,15.85,-97.0667,85.03,70,20,9.22
463,Takaka,NZ,2022-04-24 23:28:41,-40.85,172.8,63.55,66,29,3.22
464,Manbij,SY,2022-04-24 23:28:42,36.5281,37.9549,66.99,29,24,8.61
465,Melo,UY,2022-04-24 23:28:42,-32.3667,-54.1833,63.34,49,0,9.82
466,Calama,CL,2022-04-24 23:24:31,-22.4667,-68.9333,59.49,38,0,16.11
467,Touros,BR,2022-04-24 23:24:21,-5.1989,-35.4608,77.11,88,97,10.33
468,Biak,ID,2022-04-24 23:28:43,-0.9131,122.8766,78.76,81,31,0.47
469,Vytegra,RU,2022-04-24 23:28:43,61.0064,36.4481,33.75,90,97,7.7
470,Mehamn,NO,2022-04-24 23:28:43,71.0357,27.8492,34.11,73,100,10.16
471,Pore,CO,2022-04-24 23:28:44,5.7272,-71.9947,80.28,69,48,3.53
472,Rosetta,EG,2022-04-24 23:28:44,31.4044,30.4164,63.28,84,0,9.17
473,Perg,AT,2022-04-24 23:28:44,48.25,14.6333,49.3,92,100,8.93
474,Progress,US,2022-04-24 23:28:45,40.2851,-76.8314,74.84,61,0,13.8
475,Guanare,VE,2022-04-24 23:26:44,9.0418,-69.7421,84.97,54,99,4.05
476,Myitkyina,MM,2022-04-24 23:28:45,25.3833,97.4,69.84,75,52,2.21
477,Plymouth,US,2022-04-24 23:28:45,41.8334,-70.8328,51.35,47,100,4.61
478,Rorvik,NO,2022-04-24 23:28:46,64.8621,11.2373,42.53,91,99,7.4
479,Ogbomosho,NG,2022-04-24 23:28:46,8.133,4.25,76.1,91,100,7.83
480,Carmelo,UY,2022-04-24 23:28:46,-33.9892,-58.2856,66.34,61,1,10.98
481,Sorland,NO,2022-04-24 23:28:47,67.667,12.6934,41.63,78,100,13.56
482,Eyl,SO,2022-04-24 23:28:47,7.9803,49.8164,80.31,74,22,7.94
483,Sao Filipe,CV,2022-04-24 23:28:47,14.8961,-24.4956,74.71,73,14,2.33
484,Noumea,NC,2022-04-24 23:24:37,-22.2763,166.4572,75.99,99,100,16.78
485,Clarksburg,US,2022-04-24 23:28:48,39.2807,-80.3445,86.11,24,0,9.22
486,Khorixas,NA,2022-04-24 23:28:48,-20.3667,14.9667,65.59,52,0,1.68
487,Kiama,AU,2022-04-24 23:28:48,-34.6833,150.8667,65.68,93,99,3.0
488,Tual,ID,2022-04-24 23:28:49,-5.6667,132.75,83.84,66,99,2.48
489,Tuy Hoa,VN,2022-04-24 23:28:49,13.0833,109.3,76.59,91,27,3.62
490,Umm Kaddadah,SD,2022-04-24 23:28:49,13.6017,26.6876,82.24,7,36,12.5
491,Kramat,ID,2022-04-24 23:28:50,-8.1311,113.4499,75.18,93,85,1.61
492,Zalaszentgrot,HU,2022-04-24 23:28:50,46.9447,17.0792,55.36,73,89,8.37
493,Boa Vista,BR,2022-04-24 23:28:50,2.8197,-60.6733,80.58,74,40,4.61
494,Njombe,TZ,2022-04-24 23:28:50,-9.3333,34.7667,58.08,97,99,5.3
495,Yenagoa,NG,2022-04-24 23:28:51,4.9247,6.2642,75.25,89,100,2.64
496,Yorba Linda,US,2022-04-24 23:25:03,33.8886,-117.8131,90.52,13,0,8.05
497,Arlit,NE,2022-04-24 23:28:51,18.7369,7.3853,86.29,11,1,7.67
498,Sitka,US,2022-04-24 23:28:52,57.0531,-135.33,48.09,71,100,5.75
499,Payo,ID,2022-04-24 23:28:52,-3.7508,103.6372,72.18,97,100,0.96
500,Plettenberg Bay,ZA,2022-04-24 23:28:52,-34.0527,23.3716,54.99,72,0,8.43
501,Kantunilkin,MX,2022-04-24 23:28:52,21.0917,-87.45,82.67,61,42,7.63
502,Kralendijk,BQ,2022-04-24 23:28:53,12.15,-68.2667,80.58,74,20,14.97
503,Kathu,TH,2022-04-24 23:28:53,7.9178,98.3332,78.62,79,39,6.71
504,Cuamba,MZ,2022-04-24 23:28:53,-14.8031,36.5372,66.56,97,8,3.38
505,Key West,US,2022-04-24 23:29:54,24.5557,-81.7826,84.2,70,20,18.41
506,Ligayan,PH,2022-04-24 23:29:54,4.6533,119.4706,83.32,74,53,5.12
507,Saurimo,AO,2022-04-24 23:29:54,-9.6608,20.3916,67.05,83,94,3.56
508,Antalaha,MG,2022-04-24 23:29:55,-14.9003,50.2788,72.66,87,28,6.11
509,Praia,CV,2022-04-24 23:29:55,14.9215,-23.5087,75.74,50,0,12.66
510,Severo-Yeniseyskiy,RU,2022-04-24 23:29:55,60.3725,93.0408,22.57,96,95,6.22
511,Kuala Terengganu,MY,2022-04-24 23:29:56,5.3302,103.1408,76.95,94,20,3.44
512,Inuvik,CA,2022-04-24 23:29:56,68.3499,-133.7218,45.46,36,20,6.91
513,Portland,US,2022-04-24 23:27:31,45.5234,-122.6762,72.32,39,20,9.22
514,Bogorodskoye,RU,2022-04-24 23:29:56,56.55,37.8833,46.09,98,100,5.39
515,Taft,IR,2022-04-24 23:29:57,31.7471,54.2088,69.75,20,20,4.61
516,Shimoda,JP,2022-04-24 23:29:57,34.6667,138.95,68.36,83,47,2.06
517,Derzhavinsk,KZ,2022-04-24 23:29:57,51.1,66.3167,36.91,57,14,9.46
518,Moa,CU,2022-04-24 23:29:58,20.6569,-74.9403,77.47,75,100,12.01
519,Kidal,ML,2022-04-24 23:29:58,18.4411,1.4078,81.57,8,0,10.74
520,Ilulissat,GL,2022-04-24 23:25:45,69.2167,-51.1,26.62,93,100,3.44
521,Petropavlovsk-Kamchatskiy,RU,2022-04-24 23:29:59,53.0452,158.6483,41.59,52,75,15.66
522,Adelaide,AU,2022-04-24 23:25:27,-34.9333,138.6,69.28,50,100,11.5
523,Changli,CN,2022-04-24 23:29:59,39.7042,119.1506,54.82,86,100,7.56
524,La Grande,US,2022-04-24 23:29:59,45.3246,-118.0877,65.73,22,65,4.99
525,Dragor,DK,2022-04-24 23:30:00,55.5946,12.6664,43.5,76,6,4.61
526,Altagracia De Orituco,VE,2022-04-24 23:30:00,9.8601,-66.3814,78.15,62,56,7.96
527,Zhaotong,CN,2022-04-24 23:30:01,27.3167,103.7167,54.73,87,100,4.0
528,Tolaga Bay,NZ,2022-04-24 23:30:01,-38.3667,178.3,62.15,73,30,8.55
529,Dickinson,US,2022-04-24 23:30:02,29.4608,-95.0513,83.08,83,75,14.97
530,Raymondville,US,2022-04-24 23:30:03,26.4815,-97.7831,86.11,59,0,18.5
531,Ligaya,PH,2022-04-24 23:30:04,12.6599,120.8923,85.21,66,88,1.97
532,Ruda Nad Moravou,CZ,2022-04-24 23:30:04,49.981,16.8778,44.29,96,70,2.08
533,Acapulco,MX,2022-04-24 23:26:51,16.8634,-99.8901,84.02,70,40,9.22
534,Unai,BR,2022-04-24 23:30:06,-16.3575,-46.9061,74.79,50,66,3.18
535,Vila Franca Do Campo,PT,2022-04-24 23:30:06,37.7167,-25.4333,57.61,82,35,11.07
536,Belaya Gora,RU,2022-04-24 23:30:07,68.5333,146.4167,17.76,87,100,6.15
537,Flin Flon,CA,2022-04-24 23:30:07,54.7682,-101.865,31.84,34,20,16.11
538,Chissamba,AO,2022-04-24 23:30:08,-12.1667,17.3333,63.3,63,37,1.86
